slug,name,category_hint,confidence,proposed_tags,show_categories,music_subgenres,audience_vibe,attraction_tags,reasoning,elapsed_s,validation_warnings,proposed_tags adjustments
adventure-seekers,Adventure Seekers,attraction,0.4,"adult-humor,date-night,outdoor,active,thrill,all-day",,,"adult-humor,date-night","outdoor,active,thrill,all-day","The description is sparse, but the duration suggests an outdoor activity.",6.9,,
parakeet-pete-s,Parakeet Pete's,attraction,0.4,"family,indoor,educational,animals,under-1hr",,,family,"indoor,educational,animals,under-1hr","The description is sparse, but it's likely an indoor attraction focused on educational and animal-related activities.",6.8,,
retromania,Retromania,attraction,0.4,"all-day,outdoor,active,educational,thrill,under-1hr",,,all-day,"outdoor,active,educational,thrill,under-1hr","Limited description does not specify type or vibe, but suggests a general attraction.",6.8,audience_vibe: unknown tag 'all-day',-all-day
copperhead-mountain-coaster,Copperhead Mountain Coaster,attraction,0.6,"date-night,family,indoor,ride,thrill,under-1hr",,,"date-night,family","indoor,ride,thrill,under-1hr","The description indicates it is a ride with thrill elements, but the indoor tag may be incorrect as mountain coasters are typically outdoor.",7.9,,-indoor
ozark-hills-winery-wine-tasting,Ozark Hills Winery Wine Tasting,attraction,0.6,"adult-humor,indoor,relaxed,food,all-day",,,adult-humor,"indoor,relaxed,food,all-day",Wine tasting is typically an adult-oriented activity.,6.1,,-adult-humor
ozarks-aglow-nighttime-walk,Ozarks Aglow Nighttime Walk,attraction,0.6,"family,outdoor,educational,all-day",,,family,"outdoor,educational,all-day","The description suggests a family-friendly outdoor walk, likely educational in nature.",6.1,,-all-day
shepherd-of-the-hills-north-pole-adventure,Shepherd of the Hills - North Pole Adventure,attraction,0.6,"family,outdoor,educational,all-day",,,family,"outdoor,educational,all-day",The description suggests an outdoor attraction with a family-friendly vibe.,5.8,,-all-day
silver-dollar-city,Silver Dollar City,attraction,0.6,"family,date-night,indoor,outdoor,ride,active,thrill,all-day",,,"family,date-night","indoor,outdoor,ride,active,thrill,all-day",Silver Dollar City is a well-known theme park with rides and attractions suitable for families and couples.,7.4,,
six,SIX,show,0.6,"music,variety,adult-humor,date-night,indoor,active,educational,all-day","music,variety",,"adult-humor,date-night","indoor,active,educational,all-day","SIX is likely a music-based show with variety elements, suitable for adults.",7.1,,"-educational,-all-day,-active"
where-jesus-walked-immersive,Where Jesus Walked Immersive,show,0.6,"variety,adult-humor,date-night,indoor,educational,relaxed",variety,,"adult-humor,date-night","indoor,educational,relaxed","The show seems to offer an immersive experience with a focus on education and relaxation, likely appealing to adults.",7.3,,"-adult-humor,religious"
a-shepherd-s-christmas-carol,A Shepherd’s Christmas Carol,show,0.7,"variety,family,date-night,indoor,1-2hr,educational",variety,,"family,date-night","indoor,1-2hr,educational","The show is described as a Christmas Carol variant, likely family-friendly and indoor with a variety of entertainment.",6.9,,
americana-new-year-s-eve-show,Americana New Year’s Eve Show,show,0.7,"variety,adult-humor,date-night,indoor,1-2hr",variety,,"adult-humor,date-night","indoor,1-2hr","The show is described as Branson's BIGGEST New Year's Eve event, suggesting a variety of acts and an adult-oriented audience.",7.5,,
anthems-of-rock,Anthems of Rock,show,0.7,"music,tribute,rock,oldies-80s,adult-humor,date-night,indoor,active,all-day","music,tribute","rock,oldies-80s","adult-humor,date-night","indoor,active,all-day",The show features rock music from the 80s and is likely to have an adult-oriented audience.,8.0,,"-active,-all-day"
bohemian-queen,Bohemian Queen,show,0.7,"variety,adult-humor,date-night,indoor,1-2hr",variety,,"adult-humor,date-night","indoor,1-2hr",The description suggests a theatrical show with an adult-oriented vibe.,6.7,,music
branson-dinosaur-museum,Branson Dinosaur Museum,attraction,0.7,"family,indoor,educational,animals,all-day",,,family,"indoor,educational,animals,all-day","The description suggests it is an indoor attraction focused on dinosaurs, suitable for families.",6.4,,history
branson-duck-tours,Branson Duck Tours,attraction,0.7,"family,date-night,indoor,outdoor,ride,active,all-day,1-2hr",,,"family,date-night","indoor,outdoor,ride,active,all-day,1-2hr","Duck tours typically involve both land and water rides, suitable for families and couples.",7.6,,-indoor
branson-hills-golf-club,Branson Hills Golf Club,attraction,0.7,"adult-humor,outdoor,active,all-day,half-day",,,adult-humor,"outdoor,active,all-day,half-day",Inferred as a golf club attraction based on name and duration.,6.3,,-adult-humor
branson-s-famous-baldknobbers,Branson’s Famous Baldknobbers,show,0.7,"music,variety,family,date-night,indoor,1-2hr,all-day","music,variety",,"family,date-night","indoor,1-2hr,all-day","The show has been running for over 50 years and is likely a variety show with music, suitable for families and dates.",7.6,,-all-day
branson-scenic-railway,Branson Scenic Railway,attraction,0.7,"family,indoor,ride,relaxed,half-day",,,family,"indoor,ride,relaxed,half-day","The description suggests a scenic railway ride, likely suitable for families and relaxing.",6.4,,
broadway-to-buble-starring-george-dyer,Broadway to Buble starring George Dyer,show,0.7,"music,tribute,oldies-50s,oldies-60s,oldies-70s,pop,adult-humor,date-night,indoor,relaxed,all-day","music,tribute","oldies-50s,oldies-60s,oldies-70s,pop","adult-humor,date-night","indoor,relaxed,all-day","The show is a tribute performance with music from various decades, suitable for adults.",9.2,,
dolly-partons-stampede,Dolly Parton's Stampede,show,0.7,"variety,country,rock,family,date-night,indoor,active,food,all-day,1-2hr",variety,"country,rock","family,date-night","indoor,active,food,all-day,1-2hr","Dolly Parton's Stampede is a variety show with country and rock music, suitable for families and dates.",8.2,,-all-day
dublin-s-irish-tenors-the-celtic-ladies,Dublin's Irish Tenors & The Celtic Ladies,show,0.7,"music,tribute,classical,adult-humor,date-night,indoor,relaxed,1-2hr","music,tribute",classical,"adult-humor,date-night","indoor,relaxed,1-2hr","The show features classical music with an Irish twist, performed in a theater setting.",7.2,,
george-jones-haggard-friends,"George Jones, Haggard & Friends",show,0.7,"tribute,country,oldies-70s,oldies-80s,adult-humor,date-night,indoor,1-2hr",tribute,"country,oldies-70s,oldies-80s","adult-humor,date-night","indoor,1-2hr","The show is a tribute to country music legends, implying a focus on country and oldies subgenres.",8.4,,
golden-sounds-of-the-platters,Golden Sounds of the Platters,show,0.7,"music,oldies-50s,oldies-60s,family,date-night,indoor,relaxed,all-day",music,"oldies-50s,oldies-60s","family,date-night","indoor,relaxed,all-day","The show title and description suggest a music performance with oldies from the 50s and 60s, suitable for family and date night audiences.",9.0,,
grand-jubilee,Grand Jubilee,family,0.7,"variety,family,indoor,1-2hr",variety,,family,"indoor,1-2hr",The show is described as a family-friendly variety show with a duration of about 2 hours.,6.0,,music
hamners-all-american-new-year-s-eve-celebration,Hamners’ All American New Year’s Eve Celebration,show,0.7,"variety,adult-humor,date-night,indoor,1-2hr",variety,,"adult-humor,date-night","indoor,1-2hr","The event is a New Year's Eve celebration, likely featuring variety acts and adult-oriented humor.",6.9,,
hollywood-wax-museum-entertainment-center,Hollywood Wax Museum Entertainment Center,attraction,0.7,"family,indoor,educational,relaxed,all-day",,,family,"indoor,educational,relaxed,all-day",The description suggests it is an indoor attraction with educational value suitable for families.,6.4,,
hot-rods-high-heels,Hot Rods & High Heels,show,0.7,"comedy,variety,adult-humor,date-night,indoor,1-2hr","comedy,variety",,"adult-humor,date-night","indoor,1-2hr",The show title and description suggest an adult-oriented variety show.,6.3,,
hughes-music-show,Hughes Music Show,show,0.7,"music,family,date-night,indoor,1-2hr",music,,"family,date-night","indoor,1-2hr","The name 'Hughes Music Show' strongly suggests a music performance, and typical Branson shows are often family-friendly and suitable for date nights.",6.8,,
jimmy-fortune,Jimmy Fortune,show,0.7,"music,country,gospel,family,date-night",music,"country,gospel","family,date-night",,"Jimmy Fortune is known for country and gospel music, suitable for family and date night audiences.",6.5,,
josh-turner,Josh Turner,show,0.7,"music,country,oldies-80s,family,date-night",music,"country,oldies-80s","family,date-night",,Josh Turner is known for country music and his style often includes oldies from the 80s.,7.0,,
kentucky-headhunters,Kentucky Headhunters,show,0.7,"music,rock,country,adult-humor,date-night",music,"rock,country","adult-humor,date-night",,"The Kentucky Headhunters are known for rock and country music, suitable for adult audiences.",6.5,,
melody-hart-the-all-star-band,Melody Hart & The All Star Band,show,0.7,"music,country,oldies-50s,oldies-60s,oldies-70s,oldies-80s,family,date-night,indoor,1-2hr,relaxed",music,"country,oldies-50s,oldies-60s,oldies-70s,oldies-80s","family,date-night","indoor,1-2hr,relaxed",The show is described as heartwarming and likely features classic country music.,9.6,,
nashville-roadhouse-live,Nashville Roadhouse Live,show,0.7,"music,country,oldies-50s,oldies-60s,oldies-70s,oldies-80s,family,date-night,indoor,all-day,1-2hr",music,"country,oldies-50s,oldies-60s,oldies-70s,oldies-80s","family,date-night","indoor,all-day,1-2hr","The show is described as award-winning and likely features country music with oldies, suitable for families and dates.",10.1,,-all-day
pierce-arrow-30th-anniversary,Pierce Arrow 30th Anniversary,show,0.7,"music,country,family,date-night,indoor,1-2hr",music,country,"family,date-night","indoor,1-2hr",The show is described as a music performance with a country focus and typical duration.,7.3,,
pierce-arrow-decades,Pierce Arrow: Decades,show,0.7,"music,variety,oldies-50s,oldies-60s,oldies-70s,oldies-80s,adult-humor,date-night,indoor,all-day","music,variety","oldies-50s,oldies-60s,oldies-70s,oldies-80s","adult-humor,date-night","indoor,all-day",The show features music from various decades and likely has a variety format.,9.7,,
pink-jeep-tours,Pink Jeep Tours,attraction,0.7,"family,outdoor,active,educational,half-day",,,family,"outdoor,active,educational,half-day","The description suggests an outdoor tour that likely involves education and activity, suitable for families.",6.4,,
rick-mcewen-presents-the-gambler,Rick McEwen Presents The Gambler,show,0.7,"tribute,adult-humor,date-night,indoor,1-2hr",tribute,,"adult-humor,date-night","indoor,1-2hr",The show is likely a tribute act with an adult-oriented audience.,6.4,,
riga-tony-s-murder-mystery-dinner-show,Riga-Tony’s Murder Mystery Dinner Show,show,0.7,"variety,adult-humor,date-night,indoor,food,active,all-day",variety,,"adult-humor,date-night","indoor,food,active,all-day",Murder mystery dinner show typically involves adult humor and is suitable for date nights.,6.6,,-all-day
rock-n-roll-sunrise,Rock N Roll Sunrise,show,0.7,"music,rock,oldies-50s,oldies-60s,oldies-70s,oldies-80s,adult-humor,date-night",music,"rock,oldies-50s,oldies-60s,oldies-70s,oldies-80s","adult-humor,date-night",,The show is clearly a music performance with rock and oldies themes.,8.3,,
separate-journeys,Separate Journeys,show,0.7,"music,adult-humor,date-night",music,,"adult-humor,date-night",,The show is music-based and likely caters to adult audiences.,5.3,,
shepherd-of-the-hills-historic-homestead-tour,Shepherd of the Hills Historic Homestead Tour,attraction,0.7,"family,indoor,outdoor,educational,history,relaxed,under-1hr,1-2hr",,,family,"indoor,outdoor,educational,history,relaxed,under-1hr,1-2hr",The description suggests a historical tour that is likely family-friendly and educational.,7.4,attraction_tags: unknown tag 'history',
shepherd-of-the-hills-inspiration-tower,Shepherd of the Hills Inspiration Tower,attraction,0.7,"family,indoor,educational,relaxed,half-day",,,family,"indoor,educational,relaxed,half-day",The description suggests it is an indoor attraction with a family-friendly and educational focus.,6.4,,"-half-day,1-2hr,outdoor,-indoor"
shepherd-s-great-american-chuckwagon-dinner-show,Shepherd’s Great American Chuckwagon Dinner Show,show,0.7,"variety,family,date-night,indoor,food,active,all-day",variety,,"family,date-night","indoor,food,active,all-day","The description suggests a variety show with dinner, likely suitable for families and dates.",6.4,,"-indoor,outdoor,-all-day,half-day"
shepherd-s-wild-west-showdown,Shepherd’s Wild West Showdown,show,0.7,"variety,family,adult-humor,indoor,1-2hr",variety,,"family,adult-humor","indoor,1-2hr","The description suggests a variety show with wild west theme, suitable for family and adults.",6.7,,"-indoor,outdoor,-adult-humor"
silver-dollar-cityand8217-s-showboat,Branson Showboat,show,0.7,"variety,family,date-night,indoor,all-day",variety,,"family,date-night","indoor,all-day","The description suggests a variety show suitable for families and couples, likely indoors with a duration of about 2 hours.",6.7,,"-all-day,2-3hr"
strait-to-branson-a-george-strait-tribute,Strait to Branson - A George Strait Tribute,show,0.7,"tribute,country,oldies-80s,oldies-90s,adult-humor,date-night,indoor,1-2hr",tribute,"country,oldies-80s,oldies-90s","adult-humor,date-night","indoor,1-2hr","The show is clearly a tribute to George Strait, an iconic country music artist.",8.0,music_subgenres: unknown tag 'oldies-90s',
the-duttons,The Duttons,show,0.7,"music,family,date-night,indoor,1-2hr",music,,"family,date-night","indoor,1-2hr",The Duttons is likely a music show given the category hint and typical Branson shows.,6.2,,
the-haygoods,The Haygoods,show,0.7,"music,gospel,country,family",music,"gospel,country",family,,"The Haygoods is likely a music show with gospel and country influences, suitable for family audiences.",6.1,,
the-heatherlys-hits-on-route-66,The Heatherlys Hits On Route 66,show,0.7,"music,country,oldies-50s,oldies-60s,oldies-70s,family,date-night",music,"country,oldies-50s,oldies-60s,oldies-70s","family,date-night",,The show is from an Americana Theatre and likely features music from the Route 66 era.,8.1,,
the-revollusionists,The Revollusionists,show,0.7,"variety,family,date-night,indoor,1-2hr",variety,,"family,date-night","indoor,1-2hr",The name suggests a variety show with likely family-friendly and date-night appeal.,6.3,,magic
the-social-birdy-putting-golf,The Social Birdy Putting Golf,attraction,0.7,"family,date-night,indoor,active,all-day,under-1hr,1-2hr",,,"family,date-night","indoor,active,all-day,under-1hr,1-2hr",The description suggests a family-friendly indoor activity with an approximate duration of 2 hours.,7.4,,"-indoor,outdoor"
the-sons-of-britches,The Sons of Britches,show,0.7,"music,oldies-50s,oldies-60s,oldies-70s,oldies-80s,family,date-night,indoor,relaxed,all-day",music,"oldies-50s,oldies-60s,oldies-70s,oldies-80s","family,date-night","indoor,relaxed,all-day",The show description suggests a family-friendly music performance with sing-along tunes from various decades.,9.1,,"-all-day,1-2hr"
truth-traveler,Truth Traveler,attraction,0.7,"outdoor,active,half-day",,,,"outdoor,active,half-day",The description suggests an outdoor activity lasting about 2 hours.,5.7,,
veterans-memorial-museum,Veterans Memorial Museum,attraction,0.7,"family,indoor,educational,relaxed,history,under-1hr,1-2hr",,,family,"indoor,educational,relaxed,history,under-1hr,1-2hr","The description suggests it is an indoor museum with a focus on education and history, suitable for families.",7.6,attraction_tags: unknown tag 'history',
white-water,White Water,attraction,0.7,"family,outdoor,water,all-day",,,family,"outdoor,water,all-day",White Water is likely a water-based attraction suitable for families.,5.8,,half-day
wonderworks,WonderWorks,attraction,0.7,"family,date-night,indoor,educational,active,1-2hr",,,"family,date-night","indoor,educational,active,1-2hr",WonderWorks is typically an interactive indoor attraction suitable for families and dates.,7.0,,
1-hits-of-the-60s-and-50s-too,#1 Hits of the 60s (and 50s Too!),family,0.8,"music,variety,oldies-50s,oldies-60s,family,indoor,active,all-day","music,variety","oldies-50s,oldies-60s",family,"indoor,active,all-day","The show features interactive music and games, clearly targeting a family audience.",10.8,,"-all-day,1-2hr"
a-garth-tribute,A Garth Tribute,show,0.8,"tribute,adult-humor,date-night,indoor,1-2hr",tribute,,"adult-humor,date-night","indoor,1-2hr","The show is clearly a tribute to Garth, likely involving music but specific genre not mentioned.",7.0,,
aaron-wayne-comedy-hypnosis-show,Aaron Wayne Comedy Hypnosis Show,show,0.8,"comedy,magic,adult-humor,date-night,indoor,1-2hr","comedy,magic",,"adult-humor,date-night","indoor,1-2hr","The show description indicates comedy and hypnosis, which aligns with comedy and magic categories.",7.0,,
abby-lee-miller-live-at-the-top-of-the-pyramid,Abby Lee Miller: Live At The Top Of The Pyramid,show,0.8,"music,tribute,adult-humor,date-night,indoor,1-2hr","music,tribute",,"adult-humor,date-night","indoor,1-2hr",The show features a celebrity known for adult-oriented content and is likely to attract an older audience.,6.5,,
best-of-dean-martin-tribute,Best of Dean Martin Tribute,show,0.8,"tribute,oldies-50s,oldies-60s,adult-humor,date-night",tribute,"oldies-50s,oldies-60s","adult-humor,date-night",,"The show is a tribute to Dean Martin, who was popular in the 50s and 60s.",8.0,,
branson-comedy-bash-dinner-show,Branson Comedy Bash Dinner Show,show,0.8,"comedy,adult-humor,date-night,indoor,1-2hr,food",comedy,,"adult-humor,date-night","indoor,1-2hr,food",The show is clearly described as a comedy dinner show.,6.0,,
branson-murder-mystery-show,Branson Murder Mystery Show,show,0.8,"comedy,adult-humor,date-night,indoor,1-2hr",comedy,,"adult-humor,date-night","indoor,1-2hr","The show is explicitly described as comedy and rated highly, suggesting an adult-oriented experience.",6.3,,
branson-zipline-at-wolfe-mountain,Branson Zipline at Wolfe Mountain,attraction,0.8,"active,thrill,outdoor,ride,all-day,1-2hr",,,"active,thrill","outdoor,ride,all-day,1-2hr","The description indicates it is an outdoor activity involving ziplining, which fits the tags and categories provided.",7.3,audience_vibe: unknown tag 'active'; audience_vibe: unknown tag 'thrill',
bransons-wild-world,Branson's Wild World,attraction,0.8,"family,kid-focused,indoor,outdoor,animals,all-day",,,"family,kid-focused","indoor,outdoor,animals,all-day",The description clearly indicates it is a zoo with animal encounters.,6.4,,
brett-daniels,Brett Daniels,show,0.8,"comedy,adult-humor,date-night,indoor,1-2hr",comedy,,"adult-humor,date-night","indoor,1-2hr",Brett Daniels is likely a comedy show with adult humor.,6.5,,
british-invasion,British Invasion,show,0.8,"music,tribute,oldies-60s,adult-humor,date-night,indoor,1-2hr","music,tribute",oldies-60s,"adult-humor,date-night","indoor,1-2hr",The show is clearly a music tribute to the British Invasion era of the 60s.,8.2,,
carpenters-once-more,Carpenters Once More,show,0.8,"tribute,oldies-70s,pop,adult-humor,date-night,indoor,relaxed,under-1hr",tribute,"oldies-70s,pop","adult-humor,date-night","indoor,relaxed,under-1hr","The show is a tribute to the Carpenters, known for their pop and oldies music from the 70s.",8.5,,
classic-rock-icons,Classic Rock Icons,show,0.8,"music,tribute,rock,oldies-70s,oldies-80s,adult-humor,date-night","music,tribute","rock,oldies-70s,oldies-80s","adult-humor,date-night",,The show is clearly a music tribute with classic rock themes.,7.7,,
coral-reef-mini-golf,Coral Reef Mini Golf,attraction,0.8,"family,kid-focused,outdoor,active,all-day",,,"family,kid-focused","outdoor,active,all-day",Mini golf is typically a family-friendly outdoor activity.,6.3,,
dan-wagner-s-johnny-cash-friends-tribute,Dan Wagner’s Johnny Cash & Friends Tribute,show,0.8,"tribute,country,oldies-60s,oldies-70s,family,date-night,indoor,1-2hr,relaxed",tribute,"country,oldies-60s,oldies-70s","family,date-night","indoor,1-2hr,relaxed",The show is clearly a tribute to Johnny Cash with strong country and oldies music elements.,8.3,,
darryl-worley,Darryl Worley,show,0.8,"music,country,oldies-90s,family,date-night",music,"country,oldies-90s","family,date-night",,"Darryl Worley is a platinum-selling country music artist, likely attracting family and date night audiences.",6.8,music_subgenres: unknown tag 'oldies-90s',
david-sight-sound-theatres,DAVID (Sight & Sound Theatres),show,0.8,"drama,tribute,family,date-night,indoor,educational,all-day","drama,tribute",,"family,date-night","indoor,educational,all-day","The description indicates a large-scale biblical production with live animals and original music, suggesting drama and educational value.",7.6,,
dean-z-the-ultimate-elvis,Dean Z - The Ultimate Elvis,show,0.8,"tribute,oldies-50s,oldies-60s,adult-humor,date-night",tribute,"oldies-50s,oldies-60s","adult-humor,date-night",,"The show is a tribute to Elvis Presley, covering his music from the 50s and 60s.",7.5,,
doo-wop-more,Doo Wop & More,show,0.8,"music,oldies-50s,oldies-50s,family,date-night,indoor,relaxed,1-2hr","music,oldies-50s",oldies-50s,"family,date-night","indoor,relaxed,1-2hr",The show title and description clearly indicate a music performance focused on doo wop from the 50s era.,8.7,show_categories: unknown tag 'oldies-50s',
doug-gabriel-the-ultimate-variety-show,Doug Gabriel - The Ultimate Variety Show,show,0.8,"variety,adult-humor,date-night,indoor,1-2hr",variety,,"adult-humor,date-night","indoor,1-2hr","The description indicates it is a variety show, suitable for adults and likely indoors.",6.4,,
fritzs-adventure,Fritz's Adventure,attraction,0.8,"active,indoor,outdoor,ride,active,thrill,1-2hr",,,active,"indoor,outdoor,ride,active,thrill,1-2hr",The description clearly indicates an adventure park with physical activities.,6.7,audience_vibe: unknown tag 'active',
jerry-presley-elvis-live,Jerry Presley Elvis Live!,show,0.8,"tribute,oldies-50s,oldies-60s,adult-humor,date-night,indoor,relaxed,1-2hr",tribute,"oldies-50s,oldies-60s","adult-humor,date-night","indoor,relaxed,1-2hr","The show is a tribute to Elvis Presley, known for his music from the 50s and 60s.",8.9,,
kenny-rogers-tribute,Kenny Rogers Tribute,show,0.8,"tribute,country,oldies-70s,oldies-80s,adult-humor,date-night,indoor,1-2hr",tribute,"country,oldies-70s,oldies-80s","adult-humor,date-night","indoor,1-2hr","The show is a tribute to Kenny Rogers, an artist known for country and oldies music.",8.0,,
malpass-brothers-friends,Malpass Brothers & Friends,show,0.8,"music,country,bluegrass,family,date-night",music,"country,bluegrass","family,date-night",,"The show features country and bluegrass music, suitable for family and date night audiences.",6.3,,
menopause-the-musical,Menopause The Musical,show,0.8,"comedy,music,adult-humor,date-night,indoor,1-2hr","comedy,music",,"adult-humor,date-night","indoor,1-2hr","The show is described as a musical comedy, likely adult-oriented.",6.7,,
motown-downtown,Motown Downtown,show,0.8,"music,tribute,oldies-60s,oldies-70s,adult-humor,date-night,indoor,relaxed,1-2hr","music,tribute","oldies-60s,oldies-70s","adult-humor,date-night","indoor,relaxed,1-2hr","The show is clearly a music tribute to Motown era, suitable for adults.",8.3,,
new-jersey-nights,New Jersey Nights,show,0.8,"tribute,oldies-60s,oldies-70s,adult-humor,date-night,indoor,1-2hr",tribute,"oldies-60s,oldies-70s","adult-humor,date-night","indoor,1-2hr","The show is a tribute to Frankie Valli and The Four Seasons, indicating oldies music from the 60s and 70s.",8.6,,
orbison-still,Orbison Still,show,0.8,"tribute,rock,oldies-50s,oldies-60s,adult-humor,date-night",tribute,"rock,oldies-50s,oldies-60s","adult-humor,date-night",,"The show is a tribute to Roy Orbison, who was known for rock and oldies music.",8.0,,
outpost-opry-variety-show-w-joey-garland,Outpost Opry Variety Show w/ Joey Garland,show,0.8,"variety,family,date-night,indoor,1-2hr",variety,,"family,date-night","indoor,1-2hr",The show is described as a variety show with no specific music genre mentioned.,6.5,,
ozarks-country,Ozarks Country,family,0.8,"music,country,family",music,country,family,,The show is described as a family-friendly country music event.,5.4,,
patsy-to-patsy,Patsy to Patsy,show,0.8,"music,tribute,country,oldies-60s,oldies-70s,family,date-night","music,tribute","country,oldies-60s,oldies-70s","family,date-night",,"The show features music from a specific artist and era, likely including country and oldies.",7.5,,
pierce-arrow-gospel,Pierce Arrow Gospel,show,0.8,"music,gospel,gospel,family,adult-humor,indoor,relaxed,all-day","music,gospel",gospel,"family,adult-humor","indoor,relaxed,all-day",The show is clearly a gospel music performance with family-friendly and adult-oriented content.,7.5,show_categories: unknown tag 'gospel',
queens-of-soul,Queens of Soul,show,0.8,"tribute,oldies-60s,oldies-70s,adult-humor,date-night,indoor,1-2hr",tribute,"oldies-60s,oldies-70s","adult-humor,date-night","indoor,1-2hr","The show is a tribute to soul music, likely featuring oldies from the 60s and 70s.",9.0,,
re-vibe-dinner-show,Re-Vibe Dinner Show,show,0.8,"music,family,indoor,1-2hr",music,,family,"indoor,1-2hr",The description indicates a family-friendly music show with a clear duration.,5.7,,
reza-edge-of-illusion,Reza Edge of Illusion,show,0.8,"magic,variety,adult-humor,date-night,indoor,relaxed,1-2hr","magic,variety",,"adult-humor,date-night","indoor,relaxed,1-2hr","REZA is known for magic and variety shows, suitable for adults with a relaxed atmosphere.",7.6,,
ripley-s-believe-it-or-not,Ripley's Believe It or Not,family,0.8,"family,indoor,active,educational,all-day,under-1hr",,,family,"indoor,active,educational,all-day,under-1hr",Clear indication of family-friendly and interactive exhibits.,6.2,,
runaway-mountain-coaster,Runaway Mountain Coaster,attraction,0.8,"family,outdoor,ride,thrill,under-1hr",,,family,"outdoor,ride,thrill,under-1hr",Coaster is clearly an attraction with thrill and ride tags.,6.2,,
shanghai-circus,Shanghai Circus,family,0.8,"variety,family,kid-focused,indoor,active,thrill,1-2hr",variety,,"family,kid-focused","indoor,active,thrill,1-2hr",The description clearly indicates a variety show with family-friendly acrobatics.,6.3,,
shepherd-of-the-hills-outdoor-drama,Shepherd of the Hills Outdoor Drama,show,0.8,"drama,family,date-night,outdoor,1-2hr",drama,,"family,date-night","outdoor,1-2hr",The description indicates it is an outdoor drama show suitable for families and dates.,6.0,,
shepherd-of-the-hills-vigilante-extreme-ziprider,Shepherd of the Hills Vigilante Extreme ZipRider,attraction,0.8,"adult-humor,date-night,outdoor,ride,thrill,half-day",,,"adult-humor,date-night","outdoor,ride,thrill,half-day",The description indicates it is an outdoor ride attraction with a thrill factor.,6.7,,
smoke-on-the-mountain,Smoke On The Mountain,show,0.8,"music,tribute,gospel,country,family,date-night,indoor,relaxed,1-2hr","music,tribute","gospel,country","family,date-night","indoor,relaxed,1-2hr","The show is clearly a music tribute with gospel and country elements, suitable for families and dates.",7.7,,
snowflex-tubing-at-wolfe-mountain,Snowflex Tubing at Wolfe Mountain,attraction,0.8,"family,outdoor,active,thrill,half-day",,,family,"outdoor,active,thrill,half-day",Clear indication of an outdoor winter activity with a specified duration.,6.1,,
steve-sanders-the-mind-spy,Steve Sanders The Mind Spy,show,0.8,"magic,adult-humor,family,indoor,1-2hr",magic,,"adult-humor,family","indoor,1-2hr",The show description suggests a magic performance suitable for both adults and families.,6.0,,
the-bellamy-brothers,The Bellamy Brothers,show,0.8,"music,country,rock,adult-humor,date-night",music,"country,rock","adult-humor,date-night",,"The Bellamy Brothers are known for country and rock music, suitable for adult audiences.",6.5,,
the-mountain-hollers-family-band,The Mountain Hollers Family Band,show,0.8,"music,country,bluegrass,family,indoor,1-2hr",music,"country,bluegrass",family,"indoor,1-2hr","The show features a family band with roots in the Ozarks, suggesting country and bluegrass music.",6.9,,
the-texas-tenors,The Texas Tenors,show,0.8,"music,country,oldies-50s,oldies-60s,oldies-70s,family,date-night",music,"country,oldies-50s,oldies-60s,oldies-70s","family,date-night",,The Texas Tenors is a well-known musical act with strong country and oldies influences.,8.5,,
ultimate-70s-show,Ultimate 70s Show,show,0.8,"music,variety,oldies-70s,pop,rock,adult-humor,date-night,indoor,all-day,1-2hr","music,variety","oldies-70s,pop,rock","adult-humor,date-night","indoor,all-day,1-2hr",The show features music from the 70s and includes pop and rock genres.,8.4,,
ultimate-elvis-contest-headliner-act-cote-deonath,Ultimate Elvis Contest Headliner Act: Cote Deonath,show,0.8,"tribute,oldies-50s,oldies-60s,adult-humor,date-night,indoor,1-2hr",tribute,"oldies-50s,oldies-60s","adult-humor,date-night","indoor,1-2hr","The show is a tribute to Elvis, covering his music from the 50s and 60s.",8.3,,
whodunnit-hoedown-murder-mystery-dinner-show,WhoDunnit Hoedown Murder Mystery Dinner Show,show,0.8,"variety,drama,country,family,indoor,food,educational,1-2hr","variety,drama",country,family,"indoor,food,educational,1-2hr",The show is a murder mystery dinner with family-friendly content and country music.,7.5,,
world-s-largest-toy-museum-complex,World's Largest Toy Museum Complex,attraction,0.8,"family,indoor,educational,relaxed,all-day",,,family,"indoor,educational,relaxed,all-day","The description indicates it is a museum with toys, suitable for families and likely educational.",6.5,,
a-neil-diamond-tribute-ft-keith-allynn,A Neil Diamond Tribute ft. Keith Allynn,show,0.9,"tribute,oldies-70s,oldies-80s,adult-humor,date-night",tribute,"oldies-70s,oldies-80s","adult-humor,date-night",,Clear tribute show with specific music subgenres.,6.7,,
america-s-top-country-hits,America's Top Country Hits,family,0.9,"music,country,oldies-50s,oldies-60s,oldies-70s,oldies-80s,family",music,"country,oldies-50s,oldies-60s,oldies-70s,oldies-80s",family,,"The show is explicitly described as featuring top country hits, implying a family-friendly audience and multiple decades of music.",8.3,,
aquarium-at-the-boardwalk,Aquarium At The Boardwalk,attraction,0.9,"family,indoor,animals,educational,1-2hr",,,family,"indoor,animals,educational,1-2hr","The description indicates it is an aquarium, which typically falls under indoor attractions with animals and educational value.",6.8,,
awesome-80-s,Awesome 80's,show,0.9,"tribute,oldies-80s,adult-humor,date-night,indoor,1-2hr",tribute,oldies-80s,"adult-humor,date-night","indoor,1-2hr",The show is clearly a tribute to the '80s with music from that era.,7.2,,
back-to-country-with-mark-aldred,Back To Country With Mark Aldred,show,0.9,"music,country,family,date-night",music,country,"family,date-night",,The show is clearly a country music performance.,5.4,,
back-to-the-bee-gees,Back To The Bee Gees,show,0.9,"tribute,oldies-70s,oldies-80s,adult-humor,date-night,indoor,1-2hr",tribute,"oldies-70s,oldies-80s","adult-humor,date-night","indoor,1-2hr","The show is clearly a tribute to the Bee Gees, covering their music from multiple decades.",7.9,,
bluegrass-bbq-festival,Bluegrass & BBQ Festival,family,0.9,"music,bluegrass,family,outdoor,food,all-day",music,bluegrass,family,"outdoor,food,all-day",The event is explicitly described as a bluegrass festival with family-friendly activities and food.,6.8,,
butterfly-palace-rainforest-adventure,Butterfly Palace & Rainforest Adventure,attraction,0.9,"family,kid-focused,indoor,educational,animals,all-day,1-2hr",,,"family,kid-focused","indoor,educational,animals,all-day,1-2hr",Clear description of an indoor attraction with butterflies and rainforest exhibits.,7.0,,
classic-country-and-comedy,Classic Country and Comedy,family,0.9,"music,comedy,country,family","music,comedy",country,family,,Clear description of classic country music and comedy with a family vibe.,5.6,,
comedy-jamboree,Comedy Jamboree,family,0.9,"comedy,family,indoor,1-2hr",comedy,,family,"indoor,1-2hr",The show is explicitly described as a comedy jamboree with a family category hint.,5.9,,
down-home-country,Down Home Country,family,0.9,"music,country,family",music,country,family,,The show is explicitly described as a country music performance suitable for families.,5.5,,
george-strait-tribute,George Strait Tribute,show,0.9,"tribute,country,family,date-night,indoor,1-2hr",tribute,country,"family,date-night","indoor,1-2hr","The show is explicitly a tribute to George Strait, a country music icon.",6.4,,
hamners-unbelievable-variety-show,Hamners' Unbelievable Variety Show,family,0.9,"variety,family,indoor,1-2hr",variety,,family,"indoor,1-2hr",The show is explicitly described as a variety show and is noted for its family-friendly nature.,7.2,,
hughes-brothers-country-show,Hughes Brothers Country Show,show,0.9,"music,country,family,date-night",music,country,"family,date-night",,The show is explicitly described as a country music performance.,5.8,,
illusionist-rick-thomas,Illusionist Rick Thomas,show,0.9,"magic,adult-humor,date-night,indoor,1-2hr",magic,,"adult-humor,date-night","indoor,1-2hr",Clear description of a magic show with typical duration and venue.,6.6,,
legends-in-concert,Legends in Concert,family,0.9,"tribute,family,indoor,1-2hr",tribute,,family,"indoor,1-2hr","Legends in Concert is a well-known tribute show category, family-friendly and indoor with a duration of about 2 hours.",6.3,,
matt-gumm-and-company,Matt Gumm and Company,show,0.9,"comedy,adult-humor,date-night,indoor,1-2hr",comedy,,"adult-humor,date-night","indoor,1-2hr",The description clearly indicates it is a comedy show.,6.3,,
neal-mccoy,Neal McCoy,show,0.9,"music,country,rock,adult-humor,date-night",music,"country,rock","adult-humor,date-night",,"Neal McCoy is a well-known country and rock artist, indicating music show with adult-oriented content.",6.6,,
new-south-gospel,New South Gospel,family,0.9,"music,gospel,gospel,family","music,gospel",gospel,family,,The show is explicitly described as gospel music and family-friendly.,5.7,show_categories: unknown tag 'gospel',
ozarks-gospel,Ozarks Gospel,family,0.9,"music,gospel,family",music,gospel,family,,Clear indication of gospel music and family-friendly category.,5.3,,
shepherd-of-the-hills-great-woodsman-canopy-tours,Shepherd of the Hills Great Woodsman Canopy Tours,attraction,0.9,"active,thrill,outdoor,ride,active,thrill,half-day",,,"active,thrill","outdoor,ride,active,thrill,half-day",The description clearly indicates an outdoor adventure activity with a duration of about 2 hours.,7.3,audience_vibe: unknown tag 'active'; audience_vibe: unknown tag 'thrill',
southern-gospel-sundays-with-the-frosts,Southern Gospel Sundays with The Frosts,show,0.9,"music,gospel,gospel,family,adult-humor,indoor,relaxed,1-2hr","music,gospel",gospel,"family,adult-humor","indoor,relaxed,1-2hr",The show is clearly a gospel music performance with family-friendly and adult-oriented content.,7.7,show_categories: unknown tag 'gospel',
the-gatlin-brothers,The Gatlin Brothers,show,0.9,"music,country,oldies-70s,oldies-80s,family,date-night",music,"country,oldies-70s,oldies-80s","family,date-night",,The Gatlin Brothers are known for country music and performing classic hits from the '70s and '80s.,8.1,,
the-petersens,The Petersens,family,0.9,"music,bluegrass,family",music,bluegrass,family,,The description clearly indicates a bluegrass music show aimed at families.,5.5,,
the-sound-of-simon-garfunkel,The Sound of Simon & Garfunkel,show,0.9,"tribute,oldies-60s,oldies-70s,adult-humor,date-night,indoor,1-2hr,relaxed",tribute,"oldies-60s,oldies-70s","adult-humor,date-night","indoor,1-2hr,relaxed","The show is a clear tribute to Simon & Garfunkel, known for their music from the 60s and 70s.",10.1,,
zep-la,Zep-LA,show,0.9,"tribute,oldies-60s,oldies-70s,oldies-80s,adult-humor,date-night",tribute,"oldies-60s,oldies-70s,oldies-80s","adult-humor,date-night",,The show is clearly a tribute to music from the specified decades.,7.8,,
absolutely-country-definitely-gospel,"Absolutely Country, Definitely Gospel",family,0.95,"music,country,gospel,family,indoor,1-2hr",music,"country,gospel",family,"indoor,1-2hr","The show explicitly mentions country and gospel music, and is categorized as family-friendly.",6.6,,
clay-cooper-s-country-express,Clay Cooper's Country Express,family,0.95,"music,country,family,indoor,1-2hr",music,country,family,"indoor,1-2hr",Clear indication of a country music show with family-friendly audience and typical indoor venue.,6.4,,
gene-watson,Gene Watson,show,0.95,"music,country,family,date-night",music,country,"family,date-night",,Clear indication of a music show with country genre.,5.6,,
joe-nichols,Joe Nichols,show,0.95,"music,country,family,date-night",music,country,"family,date-night",,"Joe Nichols is a well-known country music artist, and his show in Branson is likely to attract family and date night audiences.",7.0,,
titanic-museum-attraction,Titanic Museum Attraction,attraction,0.95,"family,educational,indoor,museum,educational,1-2hr",,,"family,educational","indoor,museum,educational,1-2hr",Clear description of an indoor museum with educational content.,6.6,audience_vibe: unknown tag 'educational',
tracy-byrd,Tracy Byrd,show,0.95,"music,country,family,date-night",music,country,"family,date-night",,Tracy Byrd is a well-known country music artist.,5.7,,